species,train,validation,test,total
cow,15998,2827,4640,23465
sea turtle,14001,2467,6241,22709
cat,8823,1576,2622,13021
dog,6576,1183,2261,10020
whale,5872,1037,1650,8559
zebra,5587,961,1826,8374
whaleshark,5176,895,1622,7693
chimpanzee,4704,877,1393,6974
panda,4698,801,1375,6874
leopard,4555,787,1464,6806
tiger,3653,672,1090,5415
hyena,2138,359,632,3129
dolphin,1810,313,534,2657
bird,1759,341,529,2629
sea star,1558,304,325,2187
seal,1426,242,412,2080
giraffe,1143,195,664,2002
nyala,1274,224,444,1942
polar bear,978,136,277,1391
chicken,773,143,230,1146
macaque,734,115,230,1079
fish,201,35,100,336
